t,P,Pr,Pe
0.000000,66.959000,78.321747,-11.362747
0.001000,67.055000,78.281464,-11.226464
0.002000,67.714000,78.245391,-10.531391
0.003000,68.943000,78.217913,-9.274913
0.004000,70.407000,78.202076,-7.795076
0.005000,71.825000,78.198501,-6.373501
0.006000,73.110000,78.206331,-5.096331
0.007000,74.283000,78.224417,-3.941417
0.008000,75.380000,78.251817,-2.871817
0.009000,76.430000,78.287849,-1.857849
0.010000,77.440000,78.331975,-0.891975
0.011000,78.404000,78.383670,0.020330
0.012000,79.299000,78.442304,0.856696
0.013000,80.105000,78.507093,1.597907
0.014000,80.822000,78.577188,2.244812
0.015000,81.463000,78.651808,2.811192
0.016000,82.043000,78.730295,3.312705
0.017000,82.573000,78.812106,3.760894
0.018000,83.059000,78.896782,4.162218
0.019000,83.507000,78.983924,4.523076
0.020000,83.930000,79.073220,4.856780
0.021000,84.336000,79.164450,5.171550
0.022000,84.734000,79.257466,5.476534
0.023000,85.125000,79.352167,5.772833
0.024000,85.510000,79.448464,6.061536
0.025000,85.893000,79.546293,6.346707
0.026000,86.278000,79.645624,6.632376
0.027000,86.667000,79.746451,6.920549
0.028000,87.062000,79.848786,7.213214
0.029000,87.462000,79.952649,7.509351
0.030000,87.871000,80.058070,7.812930
0.031000,88.295000,80.165120,8.129880
0.032000,88.740000,80.273917,8.466083
0.033000,89.207000,80.384601,8.822399
0.034000,89.692000,80.497296,9.194704
0.035000,90.187000,80.612078,9.574922
0.036000,90.682000,80.728946,9.953054
0.037000,91.167000,80.847819,10.319181
0.038000,91.636000,80.968554,10.667446
0.039000,92.087000,81.090974,10.996026
0.040000,92.517000,81.214888,11.302112
0.041000,92.933000,81.340121,11.592879
0.042000,93.333000,81.466518,11.866482
0.043000,93.718000,81.593927,12.124073
0.044000,94.087000,81.722195,12.364805
0.045000,94.442000,81.851178,12.590822
0.046000,94.780000,81.980728,12.799272
0.047000,95.099000,82.110681,12.988319
0.048000,95.401000,82.240875,13.160125
0.049000,95.680000,82.371134,13.308866
0.050000,95.937000,82.501268,13.435732
0.051000,96.171000,82.631085,13.539915
0.052000,96.378000,82.760381,13.617619
0.053000,96.560000,82.888945,13.671055
0.054000,96.716000,83.016577,13.699423
0.055000,96.847000,83.143078,13.703922
0.056000,96.953000,83.268259,13.684741
0.057000,97.038000,83.391951,13.646049
0.058000,97.103000,83.514009,13.588991
0.059000,97.150000,83.634304,13.515696
0.060000,97.185000,83.752744,13.432256
0.061000,97.212000,83.869278,13.342722
0.062000,97.233000,83.983883,13.249117
0.063000,97.257000,84.096581,13.160419
0.064000,97.283000,84.207429,13.075571
0.065000,97.319000,84.316509,13.002491
0.066000,97.366000,84.423943,12.942057
0.067000,97.427000,84.529862,12.897138
0.068000,97.503000,84.634417,12.868583
0.069000,97.594000,84.737756,12.856244
0.070000,97.700000,84.840028,12.859972
0.071000,97.822000,84.941382,12.880618
0.072000,97.957000,85.041953,12.915047
0.073000,98.103000,85.141858,12.961142
0.074000,98.259000,85.241196,13.017804
0.075000,98.421000,85.340044,13.080956
0.076000,98.588000,85.438458,13.149542
0.077000,98.758000,85.536478,13.221522
0.078000,98.927000,85.634120,13.292880
0.079000,99.094000,85.731379,13.362621
0.080000,99.258000,85.828241,13.429759
0.081000,99.416000,85.924674,13.491326
0.082000,99.567000,86.020634,13.546366
0.083000,99.711000,86.116068,13.594932
0.084000,99.847000,86.210925,13.636075
0.085000,99.975000,86.305146,13.669854
0.086000,100.090000,86.398659,13.691341
0.087000,100.210000,86.491437,13.718563
0.088000,100.310000,86.583429,13.726571
0.089000,100.400000,86.674531,13.725469
0.090000,100.490000,86.764713,13.725287
0.091000,100.570000,86.853948,13.716052
0.092000,100.650000,86.942208,13.707792
0.093000,100.710000,87.029430,13.680570
0.094000,100.770000,87.115554,13.654446
0.095000,100.830000,87.200591,13.629409
0.096000,100.880000,87.284521,13.595479
0.097000,100.930000,87.367322,13.562678
0.098000,100.970000,87.448972,13.521028
0.099000,101.010000,87.529452,13.480548
0.100000,101.050000,87.608778,13.441222
0.101000,101.080000,87.686932,13.393068
0.102000,101.110000,87.763894,13.346106
0.103000,101.140000,87.839685,13.300315
0.104000,101.170000,87.914322,13.255678
0.105000,101.190000,87.987786,13.202214
0.106000,101.210000,88.060060,13.149940
0.107000,101.230000,88.131163,13.098837
0.108000,101.250000,88.201115,13.048885
0.109000,101.270000,88.269934,13.000066
0.110000,101.280000,88.337601,12.942399
0.111000,101.290000,88.404100,12.885900
0.112000,101.300000,88.469447,12.830553
0.113000,101.310000,88.533663,12.776337
0.114000,101.320000,88.596766,12.723234
0.115000,101.320000,88.658736,12.661264
0.116000,101.320000,88.719553,12.600447
0.117000,101.310000,88.779198,12.530802
0.118000,101.310000,88.837691,12.472309
0.119000,101.300000,88.895050,12.404950
0.120000,101.290000,88.951256,12.338744
0.121000,101.280000,89.006327,12.273673
0.122000,101.260000,89.060244,12.199756
0.123000,101.240000,89.112989,12.127011
0.124000,101.220000,89.164582,12.055418
0.125000,101.200000,89.215042,11.984958
0.126000,101.180000,89.264389,11.915611
0.127000,101.160000,89.312642,11.847358
0.128000,101.130000,89.359782,11.770218
0.129000,101.110000,89.405829,11.704171
0.130000,101.080000,89.450801,11.629199
0.131000,101.060000,89.494718,11.565282
0.132000,101.030000,89.537598,11.492402
0.133000,101.010000,89.579459,11.430541
0.134000,100.980000,89.620317,11.359683
0.135000,100.950000,89.660151,11.289849
0.136000,100.910000,89.698939,11.211061
0.137000,100.880000,89.736697,11.143303
0.138000,100.840000,89.773441,11.066559
0.139000,100.800000,89.809147,10.990853
0.140000,100.750000,89.843792,10.906208
0.141000,100.700000,89.877351,10.822649
0.142000,100.630000,89.909763,10.720237
0.143000,100.570000,89.941003,10.628997
0.144000,100.490000,89.971045,10.518955
0.145000,100.400000,89.999789,10.400211
0.146000,100.300000,90.027174,10.272826
0.147000,100.190000,90.053136,10.136864
0.148000,100.060000,90.077576,9.982424
0.149000,99.919000,90.100391,9.818609
0.150000,99.762000,90.121495,9.640505
0.151000,99.585000,90.140766,9.444234
0.152000,99.388000,90.158072,9.229928
0.153000,99.172000,90.173283,8.998717
0.154000,98.932000,90.186257,8.745743
0.155000,98.668000,90.196836,8.471164
0.156000,98.379000,90.204859,8.174141
0.157000,98.063000,90.210161,7.852839
0.158000,97.719000,90.212569,7.506431
0.159000,97.342000,97.342000,0.000000
0.160000,97.014000,97.014000,0.000000
0.161000,96.763000,96.763000,0.000000
0.162000,96.469000,96.469000,0.000000
0.163000,96.172000,96.172000,0.000000
0.164000,95.868000,95.868000,0.000000
0.165000,95.568000,95.568000,0.000000
0.166000,95.291000,95.291000,0.000000
0.167000,95.061000,95.061000,0.000000
0.168000,94.916000,94.916000,0.000000
0.169000,94.909000,94.909000,0.000000
0.170000,95.101000,95.101000,0.000000
0.171000,95.494000,95.494000,0.000000
0.172000,95.999000,95.999000,0.000000
0.173000,96.414000,96.414000,0.000000
0.174000,96.588000,96.588000,0.000000
0.175000,96.581000,96.581000,0.000000
0.176000,96.467000,96.467000,0.000000
0.177000,96.368000,96.368000,0.000000
0.178000,96.248000,96.248000,0.000000
0.179000,96.119000,96.119000,0.000000
0.180000,95.976000,95.976000,0.000000
0.181000,95.815000,95.815000,0.000000
0.182000,95.642000,95.642000,0.000000
0.183000,95.463000,95.463000,0.000000
0.184000,95.285000,95.285000,0.000000
0.185000,95.108000,95.108000,0.000000
0.186000,94.928000,94.928000,0.000000
0.187000,94.743000,94.743000,0.000000
0.188000,94.559000,94.559000,0.000000
0.189000,94.377000,94.377000,0.000000
0.190000,94.201000,94.201000,0.000000
0.191000,94.034000,94.034000,0.000000
0.192000,93.874000,93.874000,0.000000
0.193000,93.724000,93.724000,0.000000
0.194000,93.588000,93.588000,0.000000
0.195000,93.467000,93.467000,0.000000
0.196000,93.360000,93.360000,0.000000
0.197000,93.264000,93.264000,0.000000
0.198000,93.178000,93.178000,0.000000
0.199000,93.101000,93.101000,0.000000
0.200000,93.031000,93.031000,0.000000
0.201000,92.966000,92.966000,0.000000
0.202000,92.903000,92.903000,0.000000
0.203000,92.836000,92.836000,0.000000
0.204000,92.765000,92.765000,0.000000
0.205000,92.687000,92.687000,0.000000
0.206000,92.605000,92.605000,0.000000
0.207000,92.519000,92.519000,0.000000
0.208000,92.428000,92.428000,0.000000
0.209000,92.335000,92.335000,0.000000
0.210000,92.238000,92.238000,0.000000
0.211000,92.138000,92.138000,0.000000
0.212000,92.035000,92.035000,0.000000
0.213000,91.928000,91.928000,0.000000
0.214000,91.815000,91.815000,0.000000
0.215000,91.697000,91.697000,0.000000
0.216000,91.572000,91.572000,0.000000
0.217000,91.442000,91.442000,0.000000
0.218000,91.306000,91.306000,0.000000
0.219000,91.165000,91.165000,0.000000
0.220000,91.020000,91.020000,0.000000
0.221000,90.870000,90.870000,0.000000
0.222000,90.719000,90.719000,0.000000
0.223000,90.566000,90.566000,0.000000
0.224000,90.415000,90.415000,0.000000
0.225000,90.264000,90.264000,0.000000
0.226000,90.118000,90.118000,0.000000
0.227000,89.978000,89.978000,0.000000
0.228000,89.843000,89.843000,0.000000
0.229000,89.716000,89.716000,0.000000
0.230000,89.596000,89.596000,0.000000
0.231000,89.485000,89.485000,0.000000
0.232000,89.381000,89.381000,0.000000
0.233000,89.284000,89.284000,0.000000
0.234000,89.192000,89.192000,0.000000
0.235000,89.106000,89.106000,0.000000
0.236000,89.023000,89.023000,0.000000
0.237000,88.944000,88.944000,0.000000
0.238000,88.866000,88.866000,0.000000
0.239000,88.790000,88.790000,0.000000
0.240000,88.714000,88.714000,0.000000
0.241000,88.639000,88.639000,0.000000
0.242000,88.563000,88.563000,0.000000
0.243000,88.487000,88.487000,0.000000
0.244000,88.409000,88.409000,0.000000
0.245000,88.329000,88.329000,0.000000
0.246000,88.249000,88.249000,0.000000
0.247000,88.167000,88.167000,0.000000
0.248000,88.083000,88.083000,0.000000
0.249000,87.999000,87.999000,0.000000
0.250000,87.913000,87.913000,0.000000
0.251000,87.826000,87.826000,0.000000
0.252000,87.738000,87.738000,0.000000
0.253000,87.649000,87.649000,0.000000
0.254000,87.560000,87.560000,0.000000
0.255000,87.471000,87.471000,0.000000
0.256000,87.382000,87.382000,0.000000
0.257000,87.293000,87.293000,0.000000
0.258000,87.204000,87.204000,0.000000
0.259000,87.116000,87.116000,0.000000
0.260000,87.028000,87.028000,0.000000
0.261000,86.941000,86.941000,0.000000
0.262000,86.854000,86.854000,0.000000
0.263000,86.768000,86.768000,0.000000
0.264000,86.681000,86.681000,0.000000
0.265000,86.595000,86.595000,0.000000
0.266000,86.510000,86.510000,0.000000
0.267000,86.424000,86.424000,0.000000
0.268000,86.338000,86.338000,0.000000
0.269000,86.251000,86.251000,0.000000
0.270000,86.165000,86.165000,0.000000
0.271000,86.078000,86.078000,0.000000
0.272000,85.989000,85.989000,0.000000
0.273000,85.900000,85.900000,0.000000
0.274000,85.810000,85.810000,0.000000
0.275000,85.718000,85.718000,0.000000
0.276000,85.625000,85.625000,0.000000
0.277000,85.531000,85.531000,0.000000
0.278000,85.435000,85.435000,0.000000
0.279000,85.338000,85.338000,0.000000
0.280000,85.239000,85.239000,0.000000
0.281000,85.138000,85.138000,0.000000
0.282000,85.036000,85.036000,0.000000
0.283000,84.933000,84.933000,0.000000
0.284000,84.828000,84.828000,0.000000
0.285000,84.722000,84.722000,0.000000
0.286000,84.615000,84.615000,0.000000
0.287000,84.507000,84.507000,0.000000
0.288000,84.398000,84.398000,0.000000
0.289000,84.288000,84.288000,0.000000
0.290000,84.178000,84.178000,0.000000
0.291000,84.068000,84.068000,0.000000
0.292000,83.956000,83.956000,0.000000
0.293000,83.846000,83.846000,0.000000
0.294000,83.735000,83.735000,0.000000
0.295000,83.625000,83.625000,0.000000
0.296000,83.513000,83.513000,0.000000
0.297000,83.404000,83.404000,0.000000
0.298000,83.293000,83.293000,0.000000
0.299000,83.184000,83.184000,0.000000
0.300000,83.075000,83.075000,0.000000
0.301000,82.965000,82.965000,0.000000
0.302000,82.857000,82.857000,0.000000
0.303000,82.749000,82.749000,0.000000
0.304000,82.641000,82.641000,0.000000
0.305000,82.533000,82.533000,0.000000
0.306000,82.425000,82.425000,0.000000
0.307000,82.317000,82.317000,0.000000
0.308000,82.210000,82.210000,0.000000
0.309000,82.102000,82.102000,0.000000
0.310000,81.994000,81.994000,0.000000
0.311000,81.886000,81.886000,0.000000
0.312000,81.778000,81.778000,0.000000
0.313000,81.669000,81.669000,0.000000
0.314000,81.560000,81.560000,0.000000
0.315000,81.451000,81.451000,0.000000
0.316000,81.342000,81.342000,0.000000
0.317000,81.231000,81.231000,0.000000
0.318000,81.122000,81.122000,0.000000
0.319000,81.011000,81.011000,0.000000
0.320000,80.900000,80.900000,0.000000
0.321000,80.788000,80.788000,0.000000
0.322000,80.677000,80.677000,0.000000
0.323000,80.565000,80.565000,0.000000
0.324000,80.453000,80.453000,0.000000
0.325000,80.341000,80.341000,0.000000
0.326000,80.228000,80.228000,0.000000
0.327000,80.116000,80.116000,0.000000
0.328000,80.004000,80.004000,0.000000
0.329000,79.891000,79.891000,0.000000
0.330000,79.779000,79.779000,0.000000
0.331000,79.666000,79.666000,0.000000
0.332000,79.553000,79.553000,0.000000
0.333000,79.441000,79.441000,0.000000
0.334000,79.329000,79.329000,0.000000
0.335000,79.217000,79.217000,0.000000
0.336000,79.104000,79.104000,0.000000
0.337000,78.992000,78.992000,0.000000
0.338000,78.880000,78.880000,0.000000
0.339000,78.769000,78.769000,0.000000
0.340000,78.657000,78.657000,0.000000
0.341000,78.546000,78.546000,0.000000
0.342000,78.434000,78.434000,0.000000
0.343000,78.323000,78.323000,0.000000
0.344000,78.211000,78.211000,0.000000
0.345000,78.099000,78.099000,0.000000
0.346000,77.988000,77.988000,0.000000
0.347000,77.876000,77.876000,0.000000
0.348000,77.763000,77.763000,0.000000
0.349000,77.651000,77.651000,0.000000
0.350000,77.539000,77.539000,0.000000
0.351000,77.427000,77.427000,0.000000
0.352000,77.314000,77.314000,0.000000
0.353000,77.201000,77.201000,0.000000
0.354000,77.088000,77.088000,0.000000
0.355000,76.975000,76.975000,0.000000
0.356000,76.862000,76.862000,0.000000
0.357000,76.749000,76.749000,0.000000
0.358000,76.635000,76.635000,0.000000
0.359000,76.522000,76.522000,0.000000
0.360000,76.409000,76.409000,0.000000
0.361000,76.295000,76.295000,0.000000
0.362000,76.182000,76.182000,0.000000
0.363000,76.068000,76.068000,0.000000
0.364000,75.956000,75.956000,0.000000
0.365000,75.842000,75.842000,0.000000
0.366000,75.730000,75.730000,0.000000
0.367000,75.617000,75.617000,0.000000
0.368000,75.505000,75.505000,0.000000
0.369000,75.392000,75.392000,0.000000
0.370000,75.280000,75.280000,0.000000
0.371000,75.168000,75.168000,0.000000
0.372000,75.057000,75.057000,0.000000
0.373000,74.946000,74.946000,0.000000
0.374000,74.835000,74.835000,0.000000
0.375000,74.724000,74.724000,0.000000
0.376000,74.614000,74.614000,0.000000
0.377000,74.504000,74.504000,0.000000
0.378000,74.394000,74.394000,0.000000
0.379000,74.285000,74.285000,0.000000
0.380000,74.177000,74.177000,0.000000
0.381000,74.068000,74.068000,0.000000
0.382000,73.960000,73.960000,0.000000
0.383000,73.852000,73.852000,0.000000
0.384000,73.745000,73.745000,0.000000
0.385000,73.637000,73.637000,0.000000
0.386000,73.531000,73.531000,0.000000
0.387000,73.424000,73.424000,0.000000
0.388000,73.318000,73.318000,0.000000
0.389000,73.212000,73.212000,0.000000
0.390000,73.107000,73.107000,0.000000
0.391000,73.002000,73.002000,0.000000
0.392000,72.897000,72.897000,0.000000
0.393000,72.793000,72.793000,0.000000
0.394000,72.689000,72.689000,0.000000
0.395000,72.586000,72.586000,0.000000
0.396000,72.482000,72.482000,0.000000
0.397000,72.380000,72.380000,0.000000
0.398000,72.277000,72.277000,0.000000
0.399000,72.175000,72.175000,0.000000
0.400000,72.074000,72.074000,0.000000
0.401000,71.973000,71.973000,0.000000
0.402000,71.872000,71.872000,0.000000
0.403000,71.772000,71.772000,0.000000
0.404000,71.672000,71.672000,0.000000
0.405000,71.573000,71.573000,0.000000
0.406000,71.474000,71.474000,0.000000
0.407000,71.376000,71.376000,0.000000
0.408000,71.278000,71.278000,0.000000
0.409000,71.180000,71.180000,0.000000
0.410000,71.083000,71.083000,0.000000
0.411000,70.986000,70.986000,0.000000
0.412000,70.890000,70.890000,0.000000
0.413000,70.794000,70.794000,0.000000
0.414000,70.699000,70.699000,0.000000
0.415000,70.604000,70.604000,0.000000
0.416000,70.509000,70.509000,0.000000
0.417000,70.415000,70.415000,0.000000
0.418000,70.321000,70.321000,0.000000
0.419000,70.228000,70.228000,0.000000
0.420000,70.135000,70.135000,0.000000
0.421000,70.042000,70.042000,0.000000
0.422000,69.950000,69.950000,0.000000
0.423000,69.858000,69.858000,0.000000
0.424000,69.767000,69.767000,0.000000
0.425000,69.676000,69.676000,0.000000
0.426000,69.585000,69.585000,0.000000
0.427000,69.495000,69.495000,0.000000
0.428000,69.405000,69.405000,0.000000
0.429000,69.315000,69.315000,0.000000
0.430000,69.226000,69.226000,0.000000
0.431000,69.137000,69.137000,0.000000
0.432000,69.049000,69.049000,0.000000
0.433000,68.961000,68.961000,0.000000
0.434000,68.873000,68.873000,0.000000
0.435000,68.786000,68.786000,0.000000
0.436000,68.699000,68.699000,0.000000
0.437000,68.612000,68.612000,0.000000
0.438000,68.526000,68.526000,0.000000
0.439000,68.440000,68.440000,0.000000
0.440000,68.354000,68.354000,0.000000
0.441000,68.269000,68.269000,0.000000
0.442000,68.184000,68.184000,0.000000
0.443000,68.100000,68.100000,0.000000
0.444000,68.016000,68.016000,0.000000
0.445000,67.932000,67.932000,0.000000
0.446000,67.849000,67.849000,0.000000
0.447000,67.766000,67.766000,0.000000
0.448000,67.683000,67.683000,0.000000
0.449000,67.601000,67.601000,0.000000
0.450000,67.519000,67.519000,0.000000
0.451000,67.437000,67.437000,0.000000
0.452000,67.356000,67.356000,0.000000
0.453000,67.275000,67.275000,0.000000
0.454000,67.194000,67.194000,0.000000
0.455000,67.114000,67.114000,0.000000
0.456000,67.036000,67.036000,0.000000
0.457000,66.997000,66.997000,0.000000
